{"NLTK": {"Naive Bayes": {"3 class": {"accuracy": 0.673992348073672, "precision": 0.6792170107743909, "recall": 0.673992348073672, "f1-score": 0.6434197055529789, "confusion_matrix": [[3071, 87, 1078], [616, 382, 1097], [707, 79, 4122]], "elapsed_time": 0.03590583801269531}}, "SVM": {"3 class": {"accuracy": 0.7811193166651837, "precision": 0.7788483177426098, "recall": 0.7811193166651837, "f1-score": 0.7785300390665959, "confusion_matrix": [[3365, 248, 623], [434, 1255, 406], [525, 224, 4159]], "elapsed_time": 302.24549674987793}}, "Random Forest": {"3 class": {"accuracy": 0.7248865557433936, "precision": 0.7239728149868242, "recall": 0.7248865557433936, "f1-score": 0.7243590091742833, "confusion_matrix": [[3066, 372, 798], [418, 1276, 401], [730, 373, 3805]], "elapsed_time": 39.337860345840454}}, "Logistic Regression": {"3 class": {"accuracy": 0.7932200373698728, "precision": 0.7911708465832191, "recall": 0.7932200373698728, "f1-score": 0.7912034421640398, "confusion_matrix": [[3416, 237, 583], [388, 1314, 393], [479, 244, 4185]], "elapsed_time": 0.597315788269043}}, "BERT": {}}, "SpaCy": {"Naive Bayes": {"3 class": {"accuracy": 0.6708781920099653, "precision": 0.6753175983887862, "recall": 0.6708781920099653, "f1-score": 0.6386831864716054, "confusion_matrix": [[3069, 84, 1083], [609, 355, 1131], [714, 78, 4116]], "elapsed_time": 0.022530078887939453}}, "SVM": {"3 class": {"accuracy": 0.7851232316042352, "precision": 0.7830582057970165, "recall": 0.7851232316042352, "f1-score": 0.7827832421619683, "confusion_matrix": [[3403, 233, 600], [416, 1276, 403], [529, 234, 4145]], "elapsed_time": 299.3773055076599}}, "Random Forest": {"3 class": {"accuracy": 0.7308479402082035, "precision": 0.7295696627054918, "recall": 0.7308479402082035, "f1-score": 0.7299765381747868, "confusion_matrix": [[3061, 365, 810], [395, 1283, 417], [703, 335, 3870]], "elapsed_time": 38.61440110206604}}, "Logistic Regression": {"3 class": {"accuracy": 0.7916184713942521, "precision": 0.7894653421082665, "recall": 0.7916184713942521, "f1-score": 0.7897468140453674, "confusion_matrix": [[3412, 258, 566], [378, 1314, 403], [484, 253, 4171]], "elapsed_time": 0.5835757255554199}}, "BERT": {}}, "Stemmed": {"Naive Bayes": {"3 class": {"accuracy": 0.6689207224842068, "precision": 0.6717929213841709, "recall": 0.6689207224842068, "f1-score": 0.6360876728544459, "confusion_matrix": [[3046, 86, 1104], [609, 344, 1142], [698, 82, 4128]], "elapsed_time": 0.02351212501525879}}, "SVM": {"3 class": {"accuracy": 0.7814752202153217, "precision": 0.7793230261790961, "recall": 0.7814752202153217, "f1-score": 0.7787337883789133, "confusion_matrix": [[3389, 231, 616], [406, 1246, 443], [534, 226, 4148]], "elapsed_time": 305.78856563568115}}, "Random Forest": {"3 class": {"accuracy": 0.735207758697393, "precision": 0.7337495668495018, "recall": 0.735207758697393, "f1-score": 0.734170352911134, "confusion_matrix": [[3104, 343, 789], [389, 1283, 423], [727, 305, 3876]], "elapsed_time": 35.58907222747803}}, "Logistic Regression": {"3 class": {"accuracy": 0.7880594358928731, "precision": 0.7859810557946417, "recall": 0.7880594358928731, "f1-score": 0.7860658290240188, "confusion_matrix": [[3418, 244, 574], [375, 1301, 419], [521, 249, 4138]], "elapsed_time": 0.6931872367858887}}, "BERT": {}}, "Processed": {"Naive Bayes": {"3 class": {"accuracy": 0.6731915650858618, "precision": 0.6780879707721666, "recall": 0.6731915650858618, "f1-score": 0.6424478420271835, "confusion_matrix": [[3066, 89, 1081], [649, 380, 1066], [712, 76, 4120]], "elapsed_time": 0.02404618263244629}}, "SVM": {"3 class": {"accuracy": 0.7837885932912181, "precision": 0.781578595225334, "recall": 0.7837885932912181, "f1-score": 0.7812257202225037, "confusion_matrix": [[3378, 241, 617], [450, 1261, 384], [515, 223, 4170]], "elapsed_time": 301.25586891174316}}, "Random Forest": {"3 class": {"accuracy": 0.7197259542663939, "precision": 0.7193252210818242, "recall": 0.7197259542663939, "f1-score": 0.7195085378206036, "confusion_matrix": [[3021, 414, 801], [448, 1277, 370], [733, 384, 3791]], "elapsed_time": 35.41155695915222}}, "Logistic Regression": {"3 class": {"accuracy": 0.7905507607438385, "precision": 0.7884238121518032, "recall": 0.7905507607438385, "f1-score": 0.7887394456464555, "confusion_matrix": [[3389, 259, 588], [404, 1319, 372], [475, 256, 4177]], "elapsed_time": 0.7062616348266602}}, "BERT": {}}, "Original": {"Naive Bayes": {"3 class": {"accuracy": 0.6766616246997064, "precision": 0.6841042102545094, "recall": 0.6766616246997064, "f1-score": 0.6478581830941134, "confusion_matrix": [[3073, 82, 1081], [614, 412, 1069], [707, 81, 4120]], "elapsed_time": 0.023150205612182617}}, "SVM": {"3 class": {"accuracy": 0.7950885310080968, "precision": 0.7934694035162213, "recall": 0.7950885310080968, "f1-score": 0.7930609767662058, "confusion_matrix": [[3451, 222, 563], [384, 1320, 391], [528, 215, 4165]], "elapsed_time": 491.39833307266235}}, "Random Forest": {"3 class": {"accuracy": 0.692410356793309, "precision": 0.691079824526346, "recall": 0.692410356793309, "f1-score": 0.6875306412533092, "confusion_matrix": [[2898, 257, 1081], [433, 1005, 657], [770, 259, 3879]], "elapsed_time": 42.01897430419922}}, "Logistic Regression": {"3 class": {"accuracy": 0.8026514814485275, "precision": 0.8010694324471362, "recall": 0.8026514814485275, "f1-score": 0.8011141212644012, "confusion_matrix": [[3471, 233, 532], [346, 1370, 379], [501, 227, 4180]], "elapsed_time": 0.8228788375854492}}, "BERT": {}}}