{"NLTK": {"Naive Bayes": {}, "SVM": {}, "Random Forest": {}, "Logistic Regression": {}, "BERT": {"3 class": {"accuracy": 0.8204671857619578, "precision": 0.8202124128369875, "recall": 0.8204671857619578, "f1-score": 0.8202800601049692, "confusion_matrix": [[1643, 214, 106], [201, 1416, 77], [115, 94, 629]], "elapsed_time": 560.6047668457031}}}, "SpaCy": {"Naive Bayes": {}, "SVM": {}, "Random Forest": {}, "Logistic Regression": {}, "BERT": {"3 class": {"accuracy": 0.814238042269188, "precision": 0.8144648925858367, "recall": 0.814238042269188, "f1-score": 0.8141711299271865, "confusion_matrix": [[1618, 231, 114], [191, 1419, 84], [106, 109, 623]], "elapsed_time": 555.9697620868683}}}, "Stemmed": {"Naive Bayes": {}, "SVM": {}, "Random Forest": {}, "Logistic Regression": {}, "BERT": {"3 class": {"accuracy": 0.7672969966629588, "precision": 0.7690679090605279, "recall": 0.7672969966629588, "f1-score": 0.767921571810149, "confusion_matrix": [[1524, 267, 172], [241, 1330, 123], [123, 120, 595]], "elapsed_time": 899.5543348789215}}}, "Processed": {"Naive Bayes": {}, "SVM": {}, "Random Forest": {}, "Logistic Regression": {}, "BERT": {"3 class": {"accuracy": 0.8240266963292547, "precision": 0.8243739368940516, "recall": 0.8240266963292547, "f1-score": 0.8240971203506248, "confusion_matrix": [[1636, 217, 110], [188, 1423, 83], [94, 99, 645]], "elapsed_time": 560.8222899436951}}}, "Original": {"Naive Bayes": {}, "SVM": {}, "Random Forest": {}, "Logistic Regression": {}, "BERT": {"3 class": {"accuracy": 0.8589543937708565, "precision": 0.8590998449598921, "recall": 0.8589543937708565, "f1-score": 0.8586403874898786, "confusion_matrix": [[1692, 181, 90], [130, 1514, 50], [93, 90, 655]], "elapsed_time": 566.6013536453247}}}}